CDU_FIELD_NAME,CENSUS_CELLNAME,TOPIC,CATEGORY,TOPIC_DESCRIPTION,
F576,QS607EW0001,Unit,Persons,The unit is for a particular count (e.g. people or households),
F576,QS607EW0001,Age,Age 16 to 74,"Age is derived from the date of birth question and is a person's age at their last birthday, at 27 March 2011. Dates of birth that imply an age over 115 are treated as invalid and the person's age is imputed. Infants less than one year old are classified as 0 years of age.",
F576,QS607EW0001,NS-SeC (National Statistics Socio-economic Classification),Total: NS-SeC (National Statistics Socio-economic Classification),"The National Statistics Socio-economic Classification (NS-SeC) provides an indication of socio-economic position based on occupation. It is an Office for National Statistics standard classification.
<br/>
To assign a person aged 16 to 74 to an NS-SeC category, their occupation title is combined with information about their employment status, whether they are employed or self-employed and whether or not they supervise other employees. Full-time students are recorded in the 'full-time students' category regardless of whether they are economically active or not.
 The rebased version of NS-SeC used in census results uses occupation coded to SOC2010. Information about the classification is available here: <a href="http://www.ons.gov.uk/ons/guide-method/classifications/current-standard-classifications/soc2010/soc2010-volume-3-ns-sec--rebased-on-soc2010--user-manual/index.html" target="_blank">NS-SEC rebased on SOC2010</a>.
<br/>
For 'Long-term unemployed', the year last worked is 2009 or earlier.
<br/>
In 2011 Census results, because the census did not ask a question about the number of employees at a person's workplace, the reduced method of deriving NS-SeC (which does not require this information) is used.",
F580,QS607EW0002,NS-SeC (National Statistics Socio-economic Classification),"1. Higher managerial, administrative and professional occupations","The National Statistics Socio-economic Classification (NS-SeC) provides an indication of socio-economic position based on occupation. It is an Office for National Statistics standard classification.
<br/>
To assign a person aged 16 to 74 to an NS-SeC category, their occupation title is combined with information about their employment status, whether they are employed or self-employed and whether or not they supervise other employees. Full-time students are recorded in the 'full-time students' category regardless of whether they are economically active or not.
 The rebased version of NS-SeC used in census results uses occupation coded to SOC2010. Information about the classification is available here: <a href="http://www.ons.gov.uk/ons/guide-method/classifications/current-standard-classifications/soc2010/soc2010-volume-3-ns-sec--rebased-on-soc2010--user-manual/index.html" target="_blank">NS-SEC rebased on SOC2010</a>.
<br/>
For 'Long-term unemployed', the year last worked is 2009 or earlier.
<br/>
In 2011 Census results, because the census did not ask a question about the number of employees at a person's workplace, the reduced method of deriving NS-SeC (which does not require this information) is used.",
F580,QS607EW0002,Age,Age 16 to 74,"Age is derived from the date of birth question and is a person's age at their last birthday, at 27 March 2011. Dates of birth that imply an age over 115 are treated as invalid and the person's age is imputed. Infants less than one year old are classified as 0 years of age.",
F580,QS607EW0002,Unit,Persons,The unit is for a particular count (e.g. people or households),
F584,QS607EW0003,Unit,Persons,The unit is for a particular count (e.g. people or households),
F584,QS607EW0003,Age,Age 16 to 74,"Age is derived from the date of birth question and is a person's age at their last birthday, at 27 March 2011. Dates of birth that imply an age over 115 are treated as invalid and the person's age is imputed. Infants less than one year old are classified as 0 years of age.",
F584,QS607EW0003,NS-SeC (National Statistics Socio-economic Classification),1.1 Large employers and higher managerial and administrative occupations,"The National Statistics Socio-economic Classification (NS-SeC) provides an indication of socio-economic position based on occupation. It is an Office for National Statistics standard classification.
<br/>
To assign a person aged 16 to 74 to an NS-SeC category, their occupation title is combined with information about their employment status, whether they are employed or self-employed and whether or not they supervise other employees. Full-time students are recorded in the 'full-time students' category regardless of whether they are economically active or not.
 The rebased version of NS-SeC used in census results uses occupation coded to SOC2010. Information about the classification is available here: <a href="http://www.ons.gov.uk/ons/guide-method/classifications/current-standard-classifications/soc2010/soc2010-volume-3-ns-sec--rebased-on-soc2010--user-manual/index.html" target="_blank">NS-SEC rebased on SOC2010</a>.
<br/>
For 'Long-term unemployed', the year last worked is 2009 or earlier.
<br/>
In 2011 Census results, because the census did not ask a question about the number of employees at a person's workplace, the reduced method of deriving NS-SeC (which does not require this information) is used.",
F588,QS607EW0006,NS-SeC (National Statistics Socio-economic Classification),1.2 Higher professional occupations,"The National Statistics Socio-economic Classification (NS-SeC) provides an indication of socio-economic position based on occupation. It is an Office for National Statistics standard classification.
<br/>
To assign a person aged 16 to 74 to an NS-SeC category, their occupation title is combined with information about their employment status, whether they are employed or self-employed and whether or not they supervise other employees. Full-time students are recorded in the 'full-time students' category regardless of whether they are economically active or not.
 The rebased version of NS-SeC used in census results uses occupation coded to SOC2010. Information about the classification is available here: <a href="http://www.ons.gov.uk/ons/guide-method/classifications/current-standard-classifications/soc2010/soc2010-volume-3-ns-sec--rebased-on-soc2010--user-manual/index.html" target="_blank">NS-SEC rebased on SOC2010</a>.
<br/>
For 'Long-term unemployed', the year last worked is 2009 or earlier.
<br/>
In 2011 Census results, because the census did not ask a question about the number of employees at a person's workplace, the reduced method of deriving NS-SeC (which does not require this information) is used.",
F588,QS607EW0006,Age,Age 16 to 74,"Age is derived from the date of birth question and is a person's age at their last birthday, at 27 March 2011. Dates of birth that imply an age over 115 are treated as invalid and the person's age is imputed. Infants less than one year old are classified as 0 years of age.",
F588,QS607EW0006,Unit,Persons,The unit is for a particular count (e.g. people or households),
F592,QS607EW0011,Unit,Persons,The unit is for a particular count (e.g. people or households),
F592,QS607EW0011,Age,Age 16 to 74,"Age is derived from the date of birth question and is a person's age at their last birthday, at 27 March 2011. Dates of birth that imply an age over 115 are treated as invalid and the person's age is imputed. Infants less than one year old are classified as 0 years of age.",
F592,QS607EW0011,NS-SeC (National Statistics Socio-economic Classification),"2. Lower managerial, administrative and professional occupations","The National Statistics Socio-economic Classification (NS-SeC) provides an indication of socio-economic position based on occupation. It is an Office for National Statistics standard classification.
<br/>
To assign a person aged 16 to 74 to an NS-SeC category, their occupation title is combined with information about their employment status, whether they are employed or self-employed and whether or not they supervise other employees. Full-time students are recorded in the 'full-time students' category regardless of whether they are economically active or not.
 The rebased version of NS-SeC used in census results uses occupation coded to SOC2010. Information about the classification is available here: <a href="http://www.ons.gov.uk/ons/guide-method/classifications/current-standard-classifications/soc2010/soc2010-volume-3-ns-sec--rebased-on-soc2010--user-manual/index.html" target="_blank">NS-SEC rebased on SOC2010</a>.
<br/>
For 'Long-term unemployed', the year last worked is 2009 or earlier.
<br/>
In 2011 Census results, because the census did not ask a question about the number of employees at a person's workplace, the reduced method of deriving NS-SeC (which does not require this information) is used.",
F596,QS607EW0019,NS-SeC (National Statistics Socio-economic Classification),3. Intermediate occupations,"The National Statistics Socio-economic Classification (NS-SeC) provides an indication of socio-economic position based on occupation. It is an Office for National Statistics standard classification.
<br/>
To assign a person aged 16 to 74 to an NS-SeC category, their occupation title is combined with information about their employment status, whether they are employed or self-employed and whether or not they supervise other employees. Full-time students are recorded in the 'full-time students' category regardless of whether they are economically active or not.
 The rebased version of NS-SeC used in census results uses occupation coded to SOC2010. Information about the classification is available here: <a href="http://www.ons.gov.uk/ons/guide-method/classifications/current-standard-classifications/soc2010/soc2010-volume-3-ns-sec--rebased-on-soc2010--user-manual/index.html" target="_blank">NS-SEC rebased on SOC2010</a>.
<br/>
For 'Long-term unemployed', the year last worked is 2009 or earlier.
<br/>
In 2011 Census results, because the census did not ask a question about the number of employees at a person's workplace, the reduced method of deriving NS-SeC (which does not require this information) is used.",
F596,QS607EW0019,Age,Age 16 to 74,"Age is derived from the date of birth question and is a person's age at their last birthday, at 27 March 2011. Dates of birth that imply an age over 115 are treated as invalid and the person's age is imputed. Infants less than one year old are classified as 0 years of age.",
F596,QS607EW0019,Unit,Persons,The unit is for a particular count (e.g. people or households),
F600,QS607EW0024,Unit,Persons,The unit is for a particular count (e.g. people or households),
F600,QS607EW0024,Age,Age 16 to 74,"Age is derived from the date of birth question and is a person's age at their last birthday, at 27 March 2011. Dates of birth that imply an age over 115 are treated as invalid and the person's age is imputed. Infants less than one year old are classified as 0 years of age.",
F600,QS607EW0024,NS-SeC (National Statistics Socio-economic Classification),4. Small employers and own account workers,"The National Statistics Socio-economic Classification (NS-SeC) provides an indication of socio-economic position based on occupation. It is an Office for National Statistics standard classification.
<br/>
To assign a person aged 16 to 74 to an NS-SeC category, their occupation title is combined with information about their employment status, whether they are employed or self-employed and whether or not they supervise other employees. Full-time students are recorded in the 'full-time students' category regardless of whether they are economically active or not.
 The rebased version of NS-SeC used in census results uses occupation coded to SOC2010. Information about the classification is available here: <a href="http://www.ons.gov.uk/ons/guide-method/classifications/current-standard-classifications/soc2010/soc2010-volume-3-ns-sec--rebased-on-soc2010--user-manual/index.html" target="_blank">NS-SEC rebased on SOC2010</a>.
<br/>
For 'Long-term unemployed', the year last worked is 2009 or earlier.
<br/>
In 2011 Census results, because the census did not ask a question about the number of employees at a person's workplace, the reduced method of deriving NS-SeC (which does not require this information) is used.",
F604,QS607EW0031,NS-SeC (National Statistics Socio-economic Classification),5. Lower supervisory and technical occupations,"The National Statistics Socio-economic Classification (NS-SeC) provides an indication of socio-economic position based on occupation. It is an Office for National Statistics standard classification.
<br/>
To assign a person aged 16 to 74 to an NS-SeC category, their occupation title is combined with information about their employment status, whether they are employed or self-employed and whether or not they supervise other employees. Full-time students are recorded in the 'full-time students' category regardless of whether they are economically active or not.
 The rebased version of NS-SeC used in census results uses occupation coded to SOC2010. Information about the classification is available here: <a href="http://www.ons.gov.uk/ons/guide-method/classifications/current-standard-classifications/soc2010/soc2010-volume-3-ns-sec--rebased-on-soc2010--user-manual/index.html" target="_blank">NS-SEC rebased on SOC2010</a>.
<br/>
For 'Long-term unemployed', the year last worked is 2009 or earlier.
<br/>
In 2011 Census results, because the census did not ask a question about the number of employees at a person's workplace, the reduced method of deriving NS-SeC (which does not require this information) is used.",
F604,QS607EW0031,Age,Age 16 to 74,"Age is derived from the date of birth question and is a person's age at their last birthday, at 27 March 2011. Dates of birth that imply an age over 115 are treated as invalid and the person's age is imputed. Infants less than one year old are classified as 0 years of age.",
F604,QS607EW0031,Unit,Persons,The unit is for a particular count (e.g. people or households),
F608,QS607EW0036,Unit,Persons,The unit is for a particular count (e.g. people or households),
F608,QS607EW0036,Age,Age 16 to 74,"Age is derived from the date of birth question and is a person's age at their last birthday, at 27 March 2011. Dates of birth that imply an age over 115 are treated as invalid and the person's age is imputed. Infants less than one year old are classified as 0 years of age.",
F608,QS607EW0036,NS-SeC (National Statistics Socio-economic Classification),6. Semi-routine occupations,"The National Statistics Socio-economic Classification (NS-SeC) provides an indication of socio-economic position based on occupation. It is an Office for National Statistics standard classification.
<br/>
To assign a person aged 16 to 74 to an NS-SeC category, their occupation title is combined with information about their employment status, whether they are employed or self-employed and whether or not they supervise other employees. Full-time students are recorded in the 'full-time students' category regardless of whether they are economically active or not.
 The rebased version of NS-SeC used in census results uses occupation coded to SOC2010. Information about the classification is available here: <a href="http://www.ons.gov.uk/ons/guide-method/classifications/current-standard-classifications/soc2010/soc2010-volume-3-ns-sec--rebased-on-soc2010--user-manual/index.html" target="_blank">NS-SEC rebased on SOC2010</a>.
<br/>
For 'Long-term unemployed', the year last worked is 2009 or earlier.
<br/>
In 2011 Census results, because the census did not ask a question about the number of employees at a person's workplace, the reduced method of deriving NS-SeC (which does not require this information) is used.",
F612,QS607EW0044,NS-SeC (National Statistics Socio-economic Classification),7. Routine occupations,"The National Statistics Socio-economic Classification (NS-SeC) provides an indication of socio-economic position based on occupation. It is an Office for National Statistics standard classification.
<br/>
To assign a person aged 16 to 74 to an NS-SeC category, their occupation title is combined with information about their employment status, whether they are employed or self-employed and whether or not they supervise other employees. Full-time students are recorded in the 'full-time students' category regardless of whether they are economically active or not.
 The rebased version of NS-SeC used in census results uses occupation coded to SOC2010. Information about the classification is available here: <a href="http://www.ons.gov.uk/ons/guide-method/classifications/current-standard-classifications/soc2010/soc2010-volume-3-ns-sec--rebased-on-soc2010--user-manual/index.html" target="_blank">NS-SEC rebased on SOC2010</a>.
<br/>
For 'Long-term unemployed', the year last worked is 2009 or earlier.
<br/>
In 2011 Census results, because the census did not ask a question about the number of employees at a person's workplace, the reduced method of deriving NS-SeC (which does not require this information) is used.",
F612,QS607EW0044,Age,Age 16 to 74,"Age is derived from the date of birth question and is a person's age at their last birthday, at 27 March 2011. Dates of birth that imply an age over 115 are treated as invalid and the person's age is imputed. Infants less than one year old are classified as 0 years of age.",
F612,QS607EW0044,Unit,Persons,The unit is for a particular count (e.g. people or households),
F616,QS607EW0050,Unit,Persons,The unit is for a particular count (e.g. people or households),
F616,QS607EW0050,Age,Age 16 to 74,"Age is derived from the date of birth question and is a person's age at their last birthday, at 27 March 2011. Dates of birth that imply an age over 115 are treated as invalid and the person's age is imputed. Infants less than one year old are classified as 0 years of age.",
F616,QS607EW0050,NS-SeC (National Statistics Socio-economic Classification),8. Never worked and long-term unemployed,"The National Statistics Socio-economic Classification (NS-SeC) provides an indication of socio-economic position based on occupation. It is an Office for National Statistics standard classification.
<br/>
To assign a person aged 16 to 74 to an NS-SeC category, their occupation title is combined with information about their employment status, whether they are employed or self-employed and whether or not they supervise other employees. Full-time students are recorded in the 'full-time students' category regardless of whether they are economically active or not.
 The rebased version of NS-SeC used in census results uses occupation coded to SOC2010. Information about the classification is available here: <a href="http://www.ons.gov.uk/ons/guide-method/classifications/current-standard-classifications/soc2010/soc2010-volume-3-ns-sec--rebased-on-soc2010--user-manual/index.html" target="_blank">NS-SEC rebased on SOC2010</a>.
<br/>
For 'Long-term unemployed', the year last worked is 2009 or earlier.
<br/>
In 2011 Census results, because the census did not ask a question about the number of employees at a person's workplace, the reduced method of deriving NS-SeC (which does not require this information) is used.",
F628,QS607EW0053,NS-SeC (National Statistics Socio-economic Classification),Not classified,"The National Statistics Socio-economic Classification (NS-SeC) provides an indication of socio-economic position based on occupation. It is an Office for National Statistics standard classification.
<br/>
To assign a person aged 16 to 74 to an NS-SeC category, their occupation title is combined with information about their employment status, whether they are employed or self-employed and whether or not they supervise other employees. Full-time students are recorded in the 'full-time students' category regardless of whether they are economically active or not.
 The rebased version of NS-SeC used in census results uses occupation coded to SOC2010. Information about the classification is available here: <a href="http://www.ons.gov.uk/ons/guide-method/classifications/current-standard-classifications/soc2010/soc2010-volume-3-ns-sec--rebased-on-soc2010--user-manual/index.html" target="_blank">NS-SEC rebased on SOC2010</a>.
<br/>
For 'Long-term unemployed', the year last worked is 2009 or earlier.
<br/>
In 2011 Census results, because the census did not ask a question about the number of employees at a person's workplace, the reduced method of deriving NS-SeC (which does not require this information) is used.",
F628,QS607EW0053,Age,Age 16 to 74,"Age is derived from the date of birth question and is a person's age at their last birthday, at 27 March 2011. Dates of birth that imply an age over 115 are treated as invalid and the person's age is imputed. Infants less than one year old are classified as 0 years of age.",
F628,QS607EW0053,Unit,Persons,The unit is for a particular count (e.g. people or households),
F632,QS607EW0054,Unit,Persons,The unit is for a particular count (e.g. people or households),
F632,QS607EW0054,Age,Age 16 to 74,"Age is derived from the date of birth question and is a person's age at their last birthday, at 27 March 2011. Dates of birth that imply an age over 115 are treated as invalid and the person's age is imputed. Infants less than one year old are classified as 0 years of age.",
F632,QS607EW0054,NS-SeC (National Statistics Socio-economic Classification),Not classified\ L15 Full-time students,"The National Statistics Socio-economic Classification (NS-SeC) provides an indication of socio-economic position based on occupation. It is an Office for National Statistics standard classification.
<br/>
To assign a person aged 16 to 74 to an NS-SeC category, their occupation title is combined with information about their employment status, whether they are employed or self-employed and whether or not they supervise other employees. Full-time students are recorded in the 'full-time students' category regardless of whether they are economically active or not.
 The rebased version of NS-SeC used in census results uses occupation coded to SOC2010. Information about the classification is available here: <a href="http://www.ons.gov.uk/ons/guide-method/classifications/current-standard-classifications/soc2010/soc2010-volume-3-ns-sec--rebased-on-soc2010--user-manual/index.html" target="_blank">NS-SEC rebased on SOC2010</a>.
<br/>
For 'Long-term unemployed', the year last worked is 2009 or earlier.
<br/>
In 2011 Census results, because the census did not ask a question about the number of employees at a person's workplace, the reduced method of deriving NS-SeC (which does not require this information) is used.",
F636,QS607EW0055,NS-SeC (National Statistics Socio-economic Classification),L17 Not classifiable for other reasons,"The National Statistics Socio-economic Classification (NS-SeC) provides an indication of socio-economic position based on occupation. It is an Office for National Statistics standard classification.
<br/>
To assign a person aged 16 to 74 to an NS-SeC category, their occupation title is combined with information about their employment status, whether they are employed or self-employed and whether or not they supervise other employees. Full-time students are recorded in the 'full-time students' category regardless of whether they are economically active or not.
 The rebased version of NS-SeC used in census results uses occupation coded to SOC2010. Information about the classification is available here: <a href="http://www.ons.gov.uk/ons/guide-method/classifications/current-standard-classifications/soc2010/soc2010-volume-3-ns-sec--rebased-on-soc2010--user-manual/index.html" target="_blank">NS-SEC rebased on SOC2010</a>.
<br/>
For 'Long-term unemployed', the year last worked is 2009 or earlier.
<br/>
In 2011 Census results, because the census did not ask a question about the number of employees at a person's workplace, the reduced method of deriving NS-SeC (which does not require this information) is used.",
F636,QS607EW0055,Age,Age 16 to 74,"Age is derived from the date of birth question and is a person's age at their last birthday, at 27 March 2011. Dates of birth that imply an age over 115 are treated as invalid and the person's age is imputed. Infants less than one year old are classified as 0 years of age.",
F636,QS607EW0055,Unit,Persons,The unit is for a particular count (e.g. people or households),
F643,QS607EW0012,Unit,Persons,The unit is for a particular count (e.g. people or households),
F643,QS607EW0012,Age,Age 16 to 74,"Age is derived from the date of birth question and is a person's age at their last birthday, at 27 March 2011. Dates of birth that imply an age over 115 are treated as invalid and the person's age is imputed. Infants less than one year old are classified as 0 years of age.",
F643,QS607EW0012,NS-SeC (National Statistics Socio-economic Classification),L4 Lower professional and higher technical occupations,"The National Statistics Socio-economic Classification (NS-SeC) provides an indication of socio-economic position based on occupation. It is an Office for National Statistics standard classification.
<br/>
To assign a person aged 16 to 74 to an NS-SeC category, their occupation title is combined with information about their employment status, whether they are employed or self-employed and whether or not they supervise other employees. Full-time students are recorded in the 'full-time students' category regardless of whether they are economically active or not.
 The rebased version of NS-SeC used in census results uses occupation coded to SOC2010. Information about the classification is available here: <a href="http://www.ons.gov.uk/ons/guide-method/classifications/current-standard-classifications/soc2010/soc2010-volume-3-ns-sec--rebased-on-soc2010--user-manual/index.html" target="_blank">NS-SEC rebased on SOC2010</a>.
<br/>
For 'Long-term unemployed', the year last worked is 2009 or earlier.
<br/>
In 2011 Census results, because the census did not ask a question about the number of employees at a person's workplace, the reduced method of deriving NS-SeC (which does not require this information) is used.",
F648,QS607EW0017,NS-SeC (National Statistics Socio-economic Classification),L5 Lower managerial and administrative occupations,"The National Statistics Socio-economic Classification (NS-SeC) provides an indication of socio-economic position based on occupation. It is an Office for National Statistics standard classification.
<br/>
To assign a person aged 16 to 74 to an NS-SeC category, their occupation title is combined with information about their employment status, whether they are employed or self-employed and whether or not they supervise other employees. Full-time students are recorded in the 'full-time students' category regardless of whether they are economically active or not.
 The rebased version of NS-SeC used in census results uses occupation coded to SOC2010. Information about the classification is available here: <a href="http://www.ons.gov.uk/ons/guide-method/classifications/current-standard-classifications/soc2010/soc2010-volume-3-ns-sec--rebased-on-soc2010--user-manual/index.html" target="_blank">NS-SEC rebased on SOC2010</a>.
<br/>
For 'Long-term unemployed', the year last worked is 2009 or earlier.
<br/>
In 2011 Census results, because the census did not ask a question about the number of employees at a person's workplace, the reduced method of deriving NS-SeC (which does not require this information) is used.",
F648,QS607EW0017,Age,Age 16 to 74,"Age is derived from the date of birth question and is a person's age at their last birthday, at 27 March 2011. Dates of birth that imply an age over 115 are treated as invalid and the person's age is imputed. Infants less than one year old are classified as 0 years of age.",
F648,QS607EW0017,Unit,Persons,The unit is for a particular count (e.g. people or households),
F649,QS607EW0018,Unit,Persons,The unit is for a particular count (e.g. people or households),
F649,QS607EW0018,Age,Age 16 to 74,"Age is derived from the date of birth question and is a person's age at their last birthday, at 27 March 2011. Dates of birth that imply an age over 115 are treated as invalid and the person's age is imputed. Infants less than one year old are classified as 0 years of age.",
F649,QS607EW0018,NS-SeC (National Statistics Socio-economic Classification),L6 Higher supervisory occupations,"The National Statistics Socio-economic Classification (NS-SeC) provides an indication of socio-economic position based on occupation. It is an Office for National Statistics standard classification.
<br/>
To assign a person aged 16 to 74 to an NS-SeC category, their occupation title is combined with information about their employment status, whether they are employed or self-employed and whether or not they supervise other employees. Full-time students are recorded in the 'full-time students' category regardless of whether they are economically active or not.
 The rebased version of NS-SeC used in census results uses occupation coded to SOC2010. Information about the classification is available here: <a href="http://www.ons.gov.uk/ons/guide-method/classifications/current-standard-classifications/soc2010/soc2010-volume-3-ns-sec--rebased-on-soc2010--user-manual/index.html" target="_blank">NS-SEC rebased on SOC2010</a>.
<br/>
For 'Long-term unemployed', the year last worked is 2009 or earlier.
<br/>
In 2011 Census results, because the census did not ask a question about the number of employees at a person's workplace, the reduced method of deriving NS-SeC (which does not require this information) is used.",
F654,QS607EW0025,NS-SeC (National Statistics Socio-economic Classification),L8 Employers in small organisations,"The National Statistics Socio-economic Classification (NS-SeC) provides an indication of socio-economic position based on occupation. It is an Office for National Statistics standard classification.
<br/>
To assign a person aged 16 to 74 to an NS-SeC category, their occupation title is combined with information about their employment status, whether they are employed or self-employed and whether or not they supervise other employees. Full-time students are recorded in the 'full-time students' category regardless of whether they are economically active or not.
 The rebased version of NS-SeC used in census results uses occupation coded to SOC2010. Information about the classification is available here: <a href="http://www.ons.gov.uk/ons/guide-method/classifications/current-standard-classifications/soc2010/soc2010-volume-3-ns-sec--rebased-on-soc2010--user-manual/index.html" target="_blank">NS-SEC rebased on SOC2010</a>.
<br/>
For 'Long-term unemployed', the year last worked is 2009 or earlier.
<br/>
In 2011 Census results, because the census did not ask a question about the number of employees at a person's workplace, the reduced method of deriving NS-SeC (which does not require this information) is used.",
F654,QS607EW0025,Age,Age 16 to 74,"Age is derived from the date of birth question and is a person's age at their last birthday, at 27 March 2011. Dates of birth that imply an age over 115 are treated as invalid and the person's age is imputed. Infants less than one year old are classified as 0 years of age.",
F654,QS607EW0025,Unit,Persons,The unit is for a particular count (e.g. people or households),
F657,QS607EW0028,Unit,Persons,The unit is for a particular count (e.g. people or households),
F657,QS607EW0028,Age,Age 16 to 74,"Age is derived from the date of birth question and is a person's age at their last birthday, at 27 March 2011. Dates of birth that imply an age over 115 are treated as invalid and the person's age is imputed. Infants less than one year old are classified as 0 years of age.",
F657,QS607EW0028,NS-SeC (National Statistics Socio-economic Classification),L9 Own account workers,"The National Statistics Socio-economic Classification (NS-SeC) provides an indication of socio-economic position based on occupation. It is an Office for National Statistics standard classification.
<br/>
To assign a person aged 16 to 74 to an NS-SeC category, their occupation title is combined with information about their employment status, whether they are employed or self-employed and whether or not they supervise other employees. Full-time students are recorded in the 'full-time students' category regardless of whether they are economically active or not.
 The rebased version of NS-SeC used in census results uses occupation coded to SOC2010. Information about the classification is available here: <a href="http://www.ons.gov.uk/ons/guide-method/classifications/current-standard-classifications/soc2010/soc2010-volume-3-ns-sec--rebased-on-soc2010--user-manual/index.html" target="_blank">NS-SEC rebased on SOC2010</a>.
<br/>
For 'Long-term unemployed', the year last worked is 2009 or earlier.
<br/>
In 2011 Census results, because the census did not ask a question about the number of employees at a person's workplace, the reduced method of deriving NS-SeC (which does not require this information) is used.",
F660,QS607EW0032,NS-SeC (National Statistics Socio-economic Classification),L10 Lower supervisory occupations,"The National Statistics Socio-economic Classification (NS-SeC) provides an indication of socio-economic position based on occupation. It is an Office for National Statistics standard classification.
<br/>
To assign a person aged 16 to 74 to an NS-SeC category, their occupation title is combined with information about their employment status, whether they are employed or self-employed and whether or not they supervise other employees. Full-time students are recorded in the 'full-time students' category regardless of whether they are economically active or not.
 The rebased version of NS-SeC used in census results uses occupation coded to SOC2010. Information about the classification is available here: <a href="http://www.ons.gov.uk/ons/guide-method/classifications/current-standard-classifications/soc2010/soc2010-volume-3-ns-sec--rebased-on-soc2010--user-manual/index.html" target="_blank">NS-SEC rebased on SOC2010</a>.
<br/>
For 'Long-term unemployed', the year last worked is 2009 or earlier.
<br/>
In 2011 Census results, because the census did not ask a question about the number of employees at a person's workplace, the reduced method of deriving NS-SeC (which does not require this information) is used.",
F660,QS607EW0032,Age,Age 16 to 74,"Age is derived from the date of birth question and is a person's age at their last birthday, at 27 March 2011. Dates of birth that imply an age over 115 are treated as invalid and the person's age is imputed. Infants less than one year old are classified as 0 years of age.",
F660,QS607EW0032,Unit,Persons,The unit is for a particular count (e.g. people or households),
F661,QS607EW0033,Unit,Persons,The unit is for a particular count (e.g. people or households),
F661,QS607EW0033,Age,Age 16 to 74,"Age is derived from the date of birth question and is a person's age at their last birthday, at 27 March 2011. Dates of birth that imply an age over 115 are treated as invalid and the person's age is imputed. Infants less than one year old are classified as 0 years of age.",
F661,QS607EW0033,NS-SeC (National Statistics Socio-economic Classification),L11 Lower technical occupations,"The National Statistics Socio-economic Classification (NS-SeC) provides an indication of socio-economic position based on occupation. It is an Office for National Statistics standard classification.
<br/>
To assign a person aged 16 to 74 to an NS-SeC category, their occupation title is combined with information about their employment status, whether they are employed or self-employed and whether or not they supervise other employees. Full-time students are recorded in the 'full-time students' category regardless of whether they are economically active or not.
 The rebased version of NS-SeC used in census results uses occupation coded to SOC2010. Information about the classification is available here: <a href="http://www.ons.gov.uk/ons/guide-method/classifications/current-standard-classifications/soc2010/soc2010-volume-3-ns-sec--rebased-on-soc2010--user-manual/index.html" target="_blank">NS-SEC rebased on SOC2010</a>.
<br/>
For 'Long-term unemployed', the year last worked is 2009 or earlier.
<br/>
In 2011 Census results, because the census did not ask a question about the number of employees at a person's workplace, the reduced method of deriving NS-SeC (which does not require this information) is used.",
